<?xml version="1.0" encoding="UTF-8"?>
<project-private xmlns="http://www.netbeans.org/ns/project-private/1">
    <editor-bookmarks xmlns="http://www.netbeans.org/ns/editor-bookmarks/2" lastBookmarkId="0"/>
    <open-files xmlns="http://www.netbeans.org/ns/projectui-open-files/2">
        <group>
            <file>file:/C:/Users/Aditya%20Dwivedi/Downloads/LibraryManagement/src/AddNewBook.java</file>
            <file>file:/C:/Users/Aditya%20Dwivedi/Downloads/LibraryManagement/src/MainLayer.java</file>
            <file>file:/C:/Users/Aditya%20Dwivedi/Downloads/LibraryManagement/src/Return%20Books.png</file>
            <file>file:/C:/Users/Aditya%20Dwivedi/Downloads/LibraryManagement/src/BookDetails.java</file>
            <file>file:/C:/Users/Aditya%20Dwivedi/Downloads/LibraryManagement/src/RegisterStudent.java</file>
            <file>file:/C:/Users/Aditya%20Dwivedi/Downloads/LibraryManagement/src/ReturnBook.java</file>
        </group>
    </open-files>
</project-private>
